value,params_colsample_bytree,params_gamma,params_learning_rate,params_max_depth,params_max_leaves,params_min_child_weight,params_n_estimators,params_reg_alpha,params_reg_lambda,params_subsample
0.8731621707735121,0.3361910146880041,0.004839831801391692,0.01647193304876338,13,16,1.1798524464977616,786,0.12911172519549266,0.8848001305207343,0.6398250120287069
0.8730780238869535,0.3365327088833932,0.25449813013099304,0.016394705286512976,13,16,0.9221085651496179,754,0.13266994808251406,0.8901787360724903,0.6397873144793206
0.8730135075417387,0.33003284020097007,0.004139095178522817,0.01733169477329435,20,17,0.5220679138024574,775,0.028795053069311342,0.7631931578320499,0.6394900909685787
0.8730057469549376,0.3442487528891808,0.005777422828519211,0.016404529770302517,4,38,0.8926108196584353,781,0.05003351510567852,0.8609554622861945,0.6404511200030606
0.8729961626805887,0.3330427444811806,0.09334779502690535,0.01565663129994342,4,21,1.6829087113870116,735,0.09827026932148772,0.8990957095329396,0.6438175526381971
0.8729876905950956,0.3363364335972668,0.09684722658516179,0.016662601593810153,9,17,0.7648334926144766,731,0.11306007699281022,0.9168463940790582,0.6338295900449039
0.8729827265877492,0.3544357473677286,0.4975808020911906,0.017439542628855522,14,17,2.3434726025728203,763,0.13540795021914392,0.8784197190973,0.6669155398764884
0.8729798410248908,0.33652919336022447,0.09903645766884774,0.015706953585006067,4,17,0.38164734870693584,839,0.08461599381974261,0.9108159931245786,0.6424847887173452
0.8729718302087794,0.34235245943400994,0.2364236910267338,0.016408713205811918,16,15,1.4915142336523959,742,0.0007017713020123113,0.8357749295883148,0.6347798316441331
0.872927608834706,0.3356381660370706,0.09946676269736807,0.01575531644019832,16,16,0.47455476378201533,863,0.13315722829867715,0.8415984186556499,0.6399597137660255
0.8729275784077009,0.34890777099966214,0.4634426438461825,0.017292884262971157,41,17,1.740057387059009,766,0.034317517713988534,0.9115350282735116,0.635024201541359
0.8729128515770137,0.34974027703311794,0.003218891563467857,0.01648289036415638,7,16,1.1554998453256657,702,0.09293356213380757,0.9069481170069291,0.6398993283562238
0.8729101537200723,0.33369928042902947,0.24239277783012017,0.015304597666442975,8,18,1.3272294303003858,740,0.12844747076633736,0.9105216299830953,0.6396003872801823
0.8729029844664276,0.3393442256106545,0.14750011649324166,0.01719730905735768,18,14,0.057464868745324305,832,0.059656952145784384,0.7544979672201333,0.6453591088399027
0.872897746756563,0.3365613063942206,0.3135207843882238,0.016749275775192085,4,24,1.3582296574477533,755,0.1165540615003137,0.9542182676317033,0.6481577118372143
0.8728942264495982,0.34725831746666525,0.22625577370779976,0.01662228765649246,14,18,0.4762601890444166,730,0.1351445828247616,0.9011831681900626,0.6397301150523017
0.8728922489661144,0.3482418730522227,0.22220998620284765,0.01585630975619539,19,17,0.5372637744693298,753,0.043778581079603265,0.8400370026392262,0.640417964160095
0.8728902864140657,0.3440973969978002,0.011468742070602389,0.015536753576507899,111,17,0.6947078844707394,702,0.019628625709123174,0.7140206224799903,0.6368603694139982
0.8728850317961756,0.33009163934214597,0.21792511093071498,0.017756299829267488,4,23,1.5409977722114099,736,0.1365822479770729,0.9257265679270582,0.6519292088607844
0.8728793745686261,0.3489647493078728,0.346132610269849,0.016427261683911683,15,16,1.1578897395262766,753,0.09546194683827441,0.8179594569845576,0.6364736367815204
0.8728783153266816,0.3488227746265663,0.2570650253067639,0.015693249437037562,12,12,1.6427041659793784,765,0.022068437247627585,0.787246226890714,0.6429084693183664
0.8728698907716315,0.3394155025580098,0.33388463655442896,0.016004672616391366,17,17,1.1007376972601697,748,0.053289110802689874,0.6199588691001022,0.637672654231371
0.8728552804382212,0.34464333969689254,0.26214256438611844,0.015380503941882522,12,18,1.541126738079662,742,0.0014795872283405668,0.8328820043059871,0.6336254111794998
0.872854397119822,0.3440581390914934,0.32860881098304057,0.017902440406702174,4,17,2.000498460363178,839,0.11613727192596036,0.9093105086088059,0.6456485749057073
0.8728486514462979,0.33649903424737143,0.3315317509262572,0.0168031344193357,4,23,1.409350851946143,753,0.11765924838361373,0.9540617274638383,0.6500222414547484
0.8728354797515256,0.3521994891194047,0.3633374089934567,0.015537118475726358,16,21,0.6171011565728286,754,0.16584770421164508,0.8439333886302562,0.6399899938489644
0.8728334533783709,0.3463809998401254,0.32316983882480943,0.017134649337381517,11,20,1.5859726380787353,744,0.160138258244531,0.8120152269222365,0.6327928210223999
0.8728328295952068,0.34208261513850735,0.00370052113877585,0.017046731931757122,4,16,0.45313880171977905,744,0.16286331320288658,0.9109498142258492,0.640534028838318
0.872826749633132,0.3416831843636536,0.43031075403553454,0.01512890494406265,14,19,1.1106613449033744,838,0.015048371667707396,0.8913097612393478,0.639735959379623
0.872826505016624,0.3489219437676526,0.23643532573975976,0.015496589041063097,11,19,0.616279338680269,752,0.0440237711431432,0.8726095699482272,0.6391261515216176
0.8728165009523758,0.343243979021394,0.2081717358999415,0.014608122623775963,14,16,1.168693251733345,827,0.018333168812187408,0.7333076387736354,0.6392614984162572
0.8728147005367305,0.3435765700243035,0.43984103407448283,0.015316641647181353,19,18,1.5719413081500027,758,0.02440210448774112,0.7908790718465141,0.6326302162741708
0.8728119767153993,0.33002720609564856,0.0032433916325381156,0.017982585310984494,4,24,0.6360990449660731,738,0.13301044923235056,0.853599195222321,0.6489688235050022
0.8728079565156068,0.33452107004336146,0.158041918451562,0.01701756422364518,28,20,0.36137852485248356,781,0.03171894198629196,0.9057444345966857,0.6424076965003137
0.8728068442304263,0.3391031412134333,0.08807551313396743,0.018797908299482892,12,15,0.06664328549218829,780,0.12926218616534388,0.7938284607846118,0.6403835696386734
0.8728027902330009,0.3371960948995245,0.5384165423150505,0.01631024906857104,16,17,0.5466678452959677,693,0.0709235491109371,0.6337468751652219,0.634105029558548
0.8727991995095425,0.34030473735902195,0.44471670918557343,0.01607348668570979,16,15,0.02458224764435979,837,0.05621309754816595,0.7308261223115257,0.6495268010940445
0.872797915964922,0.3434290315768716,0.0906563080752453,0.016533173050682,8,12,2.1469923978446475,783,0.05829005770166256,0.8298652132405206,0.6398235474008462
0.8727951935356024,0.3403152489765652,0.21846213655436872,0.016523254762558216,9,15,0.5541256081925485,792,0.0184400640581111,0.8504463611981622,0.6376565542259947
0.8727935103136083,0.34211576734511373,0.4703801465796374,0.017053449969125195,4,17,0.4760835172341955,775,0.037164948091323945,0.8844113190105252,0.6404274956160034
0.8727837724383672,0.3346759844736779,0.24054687234202193,0.015551600988280028,4,29,2.071084230736901,701,0.03715362882293191,0.8823093222450743,0.6449466073020668
0.872782868993537,0.33852786656847617,0.42215207763363016,0.015976796442531194,5,13,0.5881070920566819,831,0.1928127792326937,0.7914565191282035,0.6420668595906012
0.8727828613683218,0.3364830520953986,0.11589894093698085,0.015537434753494847,16,16,0.5347049791688229,831,0.1283779558611754,0.9463868317584894,0.6400723709148892
0.8727824493284182,0.3300704714991436,0.34522113996967096,0.016219083722195545,26,17,0.6318019016300266,719,0.06339039645341762,0.9498356391942386,0.6374726254431605
0.8727800771020382,0.3434655939700413,0.1790727345096313,0.01615999201827787,4,18,0.9086690138011301,798,0.03318767839818785,0.8548058390476426,0.644714600881494
0.8727794008228281,0.3442512110942331,0.18828981556104052,0.016320278782624462,16,20,0.3224694428663636,701,0.08824980670344842,0.7473260032981367,0.6453557539783565
0.8727771716484034,0.33809928073118045,0.3659443017568551,0.01680493943720748,6,18,1.7897411434539745,712,0.07552004679550833,0.8176160451412601,0.6285196789019832
0.8727771203953699,0.34627277885435775,0.093888116195841,0.01597015838238164,15,14,1.3285646761505987,736,0.08223769783891378,0.8572369710432614,0.64180480172877
0.8727763901798475,0.34293248544688054,0.0030044490129893485,0.017590180078741247,17,17,0.4123247117875646,788,0.05961758085215935,0.7778102483982366,0.6378975001659876
0.8727759747494245,0.3363777206073139,0.23634270449308628,0.016613005488740375,16,17,0.01409789757521161,769,0.0346961850837776,0.7574034224955427,0.6371822490320309
0.8727746322502137,0.34677735126510834,0.30621372122508805,0.01683926232777704,4,30,0.6471784919971276,742,0.13307185361495222,0.8619931674760414,0.6346443551134048
0.8727651225437141,0.3456913724601135,0.20331798635831916,0.01577990829659724,4,17,3.0804167818646433,750,0.037768380622357836,0.8657928082365516,0.6477056162880394
0.87276474430218,0.33903691221175936,0.09357193829432212,0.015767264081772467,4,20,0.7558413603169216,739,0.14053662329116484,0.8814008039855726,0.6478550145323877
0.8727633715776383,0.3407262952090292,0.6251587602809232,0.018234246094168655,41,14,1.8677308785885158,779,0.020610666339621563,0.9389958762234776,0.6238926997577594
0.8727628372679735,0.3543700960828945,0.008405703374657611,0.013625084982319206,4,21,0.9470725381848151,834,0.08335720031948247,0.9453805160804676,0.6456320602487151
0.8727620671112171,0.3354754478656374,0.34749663438972006,0.017665326891765528,14,17,0.23664088530898458,738,0.10746451344912858,0.8948380550099282,0.6343867849888957
0.8727609489084207,0.33010345318340273,0.007113902121878901,0.016025834342062763,7,16,0.8432408717980073,734,0.08582145367195146,0.9328738427580032,0.6426487544935385
0.8727565889253335,0.332696686597224,0.36892705835265793,0.016927775430343517,22,16,0.906784630088421,772,0.1307892929094781,0.777366744765556,0.6371802237641292
0.8727547617901715,0.33353033305198126,0.2862218860557895,0.01668652534743846,10,16,0.7029112928801068,767,0.03125996145343804,0.787961474786366,0.6362162572216357
0.8727547274031708,0.34357925404817996,0.006322895045562021,0.016959925493240338,4,77,0.4935981117769744,741,0.2900552734860238,0.9047674243538304,0.6474274159864808
0.8727526570142284,0.33583529910924714,0.14836617752321662,0.017018801294973178,16,17,0.018345189923669944,815,0.12432622800655567,0.7205306518251344,0.6419913481078035
0.8727501501128281,0.33933274741297736,0.3904706552384391,0.016184146543377565,24,16,0.2870625272189991,801,0.10446161514168364,0.7351791279243974,0.6380843756206327
0.8727491200068063,0.33666281471023074,0.1663427602193575,0.017929662312885213,18,17,0.37227233634393775,782,0.07666963301780771,0.7591426521854386,0.6408167996034918
0.8727483323353444,0.340192296978625,0.4660255781421603,0.017504947862130797,16,17,0.7040155938005646,688,0.07458019662345966,0.6204608659085479,0.6350329354728149
0.8727474441609274,0.3414830187917017,0.11293709052412793,0.015965061384229987,17,19,0.6642571718961219,758,0.036988694008338416,0.7691158417696621,0.635748507655847
0.8727459947897277,0.337255034944267,0.5386899080138974,0.015734235427893414,4,46,1.6290317936271101,754,0.09931430784682442,0.9079330559045702,0.643678673156634
0.8727412080207682,0.3535982446552419,0.41993681080528056,0.01569820028759618,22,21,0.9056944986787991,711,0.06416693955299069,0.5903019209753071,0.642583212544112
0.8727404168011311,0.3408909711156834,0.004960626377915731,0.014768505824326346,4,26,0.7075877614653452,867,0.09395094452097871,0.9091804165561068,0.6483419033582702
0.8727389489858675,0.3364630700403899,0.23330221304558868,0.01807694860317927,7,13,2.0517293282642517,764,0.43007227183501084,0.8878440300097425,0.6645449674707342
0.8727385762716775,0.33217096297719,0.3279440226850412,0.01485299841423045,99,23,0.7446862291905092,695,0.08437152316518853,0.7033709455776703,0.6435765020551164
0.8727375371137114,0.3395022739211211,0.7712054218662818,0.01736448632914831,19,17,0.7706731710179531,817,0.021613431057828654,0.7649379082172727,0.6426821697458859
0.8727351701754292,0.3497333965575893,0.08534124662237014,0.0160877422347861,16,17,0.9994858381751572,728,0.04557172317061772,0.9347033240523335,0.6323776373662431
0.8727314498799498,0.3380811511861008,0.3260043225422719,0.017923254486194327,19,16,0.5565853530835867,809,0.06296000664007675,0.7715737859627222,0.6417269543990761
0.8727300662705317,0.33745792551381665,0.30227486925424024,0.017000529809507697,20,16,0.4748121550665094,690,0.030948210002925428,0.6034083512056013,0.6390503508226456
0.8727284929625826,0.3410323726518831,0.23831447427827115,0.016848717741493525,18,14,0.028307808475449836,832,0.05838806733510766,0.7519605445193418,0.6497100572984531
0.8727270180756488,0.3300681709469951,0.31603744053226973,0.014983594448193091,4,17,1.202502730980861,880,0.14474697386800162,0.952063895914893,0.6492047541278948
0.8727241303262379,0.3431198174261353,0.17040776187268714,0.017392054583341712,73,19,1.0294490837702377,601,0.11221073787845162,0.9233988811257667,0.6114729754140054
0.8727239339072623,0.3374241610270414,0.6847224933925765,0.015162257058520924,97,15,0.7728244321254502,748,0.025462679634712562,0.6741859267147297,0.6324058331456001
0.8727225174756139,0.34301890468228413,0.2509074030612826,0.013532456044928282,10,18,0.8045310710704983,690,0.03203586335384036,0.715957578804862,0.6324647231583704
0.8727188025391405,0.3450599902850014,0.2502951814838965,0.017062116909316125,7,16,1.5195226587728123,738,0.054143321071279504,0.863776241132867,0.6293702676836666
0.8727183771042084,0.3448927727622828,0.17606587331050896,0.018500696908500605,4,50,0.5859645696509549,708,0.26724139445371065,0.8326082441850896,0.6441217079885212
0.8727180647598262,0.3358037077352828,0.333873218348066,0.01490204675372035,14,17,1.1936978109039769,887,0.14409092885953043,0.9519916315772494,0.6522665692732602
0.8727176151836747,0.3358863562362899,0.46496606243775784,0.016828757696531176,6,16,0.6934766951860737,841,0.07009063302540239,0.7873740013781463,0.6503996079017651
0.872716491581538,0.34819927819283036,0.18370942937826948,0.016727672406303875,11,17,1.1129323076618707,776,0.11423497573459528,0.8138101639507211,0.6545815623093829
0.8727145774856065,0.3458888101727839,0.3044404832551405,0.015446339468645768,12,16,1.640634345274378,742,0.01578089532970032,0.8313924875285541,0.6354907660443087
0.8727129051028131,0.3500576077511431,0.30669853470520564,0.016431547967327872,10,17,0.6288029367043978,767,0.12991584061956252,0.8641189792950599,0.6379335523514608
0.8727106363995271,0.33870095216013557,0.6715650007399314,0.015290071255048672,94,15,0.7562930638180114,750,0.026208347105077245,0.6565906648235473,0.6311739182714425
0.8727106159440634,0.3436330691669221,0.23996340671502936,0.01627887509438666,19,20,1.4746451717587477,716,0.14475963364179972,0.847082723149372,0.6337892055912496
0.8727048810108364,0.33290324440725844,0.2598644297699076,0.01747320614465111,26,15,0.9431180955625214,778,0.034606637444523664,0.7933729799751676,0.6373867923610249
0.8727034569951364,0.3427912180580016,0.2703036888807635,0.014786537264903695,14,17,1.1928179848025668,825,0.0006206350074196669,0.7343943205986625,0.6391542750219346
0.8727027391248321,0.33898471092056265,0.17781290033977587,0.018215521232819044,16,13,0.8764608169672514,724,0.06340105682554147,0.9449513227804616,0.6398458486092392
0.8727010037948537,0.33388748019305886,0.2572261883953285,0.017427050221428316,26,15,0.9826285051587274,776,0.030254277886278484,0.7469837874341938,0.6378625670707164
0.8727005679540902,0.3386589005266873,1.3361458318615889,0.015928705785624712,5,13,0.5529942537632679,831,0.08789235818692326,0.8692071908697807,0.6421426587428818
0.872700078058957,0.3395803524330023,0.7288268322882354,0.016848181613480086,4,30,1.3276014902697417,777,0.0003682685908114818,0.8081518722684172,0.6519712583934518
0.8726991362620661,0.3381026442201485,0.18007299302974328,0.017544051404241087,72,16,0.47983715849802616,770,0.02389625136716194,0.9457503234264089,0.6368176493136457
0.8726975635950538,0.34166668036897546,0.5865718022918668,0.016283975381135418,15,17,0.409634698095863,708,0.0826857347021545,0.5713401135829577,0.6370117495208203
0.8726951180677801,0.34566606663253474,0.1598863073580137,0.017125371058622118,86,17,0.8621922233291744,676,0.023494598067288826,0.7309549107802641,0.6443788989039365
0.8726939872392642,0.33007535245968844,0.014526404423283555,0.01811939487462682,4,44,1.704670540209814,744,0.1687705403172144,0.9012212530380649,0.6700830344146324
0.872692785871408,0.34411484506601386,0.2631756119316133,0.016600774965970365,8,17,1.5495325816747179,732,0.05960259186216806,0.8338358857731412,0.628466121034763
0.8726913808725631,0.33328875388759577,0.5328720582797867,0.015846423297760592,4,16,1.6390829123558797,715,0.3142333970764887,0.9074313458735106,0.6434565379759841
0.8726891798697087,0.3527735039936795,0.0771536972139026,0.017865368411489238,6,17,0.34898710016900386,785,0.015363663765949052,0.8886882417557387,0.6363850910233703
0.8726864860747972,0.3359678343969021,0.10333803405050454,0.018293996848757946,17,17,0.4137464170852847,783,0.09455667002903274,0.7597008291021397,0.6380329519088308
0.8726859855299818,0.3353809039948501,0.2683338988759826,0.015655341497797088,14,18,0.18346618654443486,743,0.1051466389214527,0.9056724905833258,0.6349424451257573
0.8726850622526676,0.3475411598800916,0.005825854403401977,0.016555414045476585,10,17,0.8970920149997417,744,0.12726807724100975,0.8202234810245249,0.6346841504927575
0.8726830222147569,0.34714444956141854,0.3353307853018996,0.015347315716956276,16,22,0.5958337603708155,755,0.15655829165020516,0.8555662396469886,0.6397348064051949
0.87268204970732,0.3484030386766804,0.25204604523005814,0.014237636691854565,22,17,1.1065870973899377,797,0.02060359436821892,0.7143408413912528,0.6524879713347411
0.87268056676171,0.33798502637840583,0.4098683051966653,0.015902730975893443,10,13,0.5719218118024814,835,0.09332207567697234,0.7871629856357584,0.6433149999423551
0.8726800266924538,0.35431358044786776,0.5656514640852437,0.016068868231290036,10,17,1.434067069435483,751,0.060335002539659705,0.9668248230242127,0.628226021184082
0.8726797022238666,0.33447775894881865,0.005795468834791262,0.017676784760633966,20,17,0.30763159372322535,793,0.08200043922681557,0.7721286970261638,0.6343573052491002
0.8726796355176238,0.3300873740963801,0.34555527897233607,0.01765668936022468,16,13,1.5220559991043379,767,0.14601338305416667,0.2309416090337021,0.648779865810067
0.8726777343023138,0.3446579922669908,0.10072006436157639,0.015355250470219252,14,16,1.1684234860959835,733,0.04273320611599671,0.888547369189703,0.6390322241471557
0.8726764940378768,0.3434626850156949,0.46067634290964965,0.016588491927876634,4,18,1.6173193074909638,876,0.1243248619341488,0.9197269012531013,0.6503294011308043
0.8726763984747403,0.3397489749002163,0.6452098370863676,0.01649146708441863,4,26,0.44429276492198977,831,0.11669302785568934,0.8698027270709088,0.6456292147893669
0.8726760247302627,0.34882054401975204,0.08709914215485803,0.01642671549300765,10,17,1.1810203144382907,765,0.12897536362055287,0.8299862533646507,0.6344641432873407
0.8726756190337921,0.33916129806902084,0.3611179218853212,0.015044937768225438,17,17,1.034930375412352,747,0.051147405200295905,0.6219622484303242,0.6375370384042526
0.8726752723473489,0.3552890397173993,0.30341898231587844,0.015936144210526325,12,16,1.153554345562946,701,0.10768222089558659,0.8164730079222843,0.6318260816427286
0.8726746149754085,0.33747432443765535,0.30207598869466334,0.016833734954229736,4,24,1.3354725875468372,753,0.11648811405654201,0.956335484142008,0.6497463784565672
0.8726746003191341,0.3385494429285999,0.4090665678533443,0.016124971591849432,4,256,0.5296951225222162,824,0.0837343090057236,0.7963943611128105,0.6420082819163723
0.8726719500049753,0.3416929030858901,0.13902000972318515,0.017608802490832392,18,17,0.4095968003126964,782,0.06275885472269224,0.7774173811418037,0.6382181782745617
0.8726718540145473,0.3379649509719268,0.3492906158471476,0.015890723428114283,95,14,0.6288188771035679,750,0.028217371923822496,0.6216294618357473,0.643849164934595
0.872669844115865,0.33266291541789217,0.641332200156878,0.015893906063581726,117,15,1.107688701107498,847,0.023235027847156742,0.6473966200679553,0.6637498418248653
0.8726682718728288,0.34832275594904916,0.6297167099935306,0.018065711281685735,4,36,0.16954435164606763,759,0.21310564168166649,0.8542224582942942,0.637195646023767
0.8726681975226771,0.3758785277429195,0.6526063090037407,0.017090001919702152,4,13,0.1688506309655038,834,0.2315607157645398,0.8078507980338372,0.654595521115529
0.8726679834963553,0.3541906861549506,0.145080160919298,0.0160725040798094,11,16,2.048324588056693,753,0.07840008535879617,0.817882176569115,0.6358826585366483
0.872666887642365,0.3499396107434873,0.2679498654316552,0.015466030636616387,17,17,1.0241875058567904,731,0.020806370839499606,0.9722962109946519,0.6359427602214829
0.8726653912910443,0.33820417469197345,0.1792615268183762,0.017037143530514325,4,22,1.5509212486056971,864,0.0762174581010564,0.9081867122847301,0.6537074336757449
0.872664359409922,0.34506373442065025,0.3963876976968975,0.016541963177504337,37,18,0.6927302747303687,770,0.035431256564945814,0.6935118405763794,0.6279231351030777
0.8726636544624155,0.33363179396773074,0.29982902757290997,0.01540160827066527,24,20,1.3420717122043044,748,0.017393227341899103,0.7420275720132865,0.633293408225077
0.872662926174861,0.34243200684571695,0.26238491107454176,0.015834086599300214,9,22,1.2856070221814857,745,0.131903617019162,0.9797673667634985,0.6397713557895461
0.8726627389131792,0.3346536612174575,0.0037430713934831633,0.01601926091159759,4,16,1.355170804250538,716,0.04469003149092069,0.7702935170052359,0.6381372892876566
0.8726624298716482,0.34549629255259356,0.6044719060233517,0.015415909652430006,102,14,0.6872296822643984,708,0.01943815655313979,0.7130357507769337,0.6400283259725124
0.8726621487318675,0.3497347284877447,0.3877520955283209,0.015167494140805725,12,16,1.3560424234422674,776,0.09285010583117187,0.8870297531086999,0.6382910788749976
0.8726608546600427,0.3304468877904363,0.5771050331963089,0.016655917754781528,19,13,0.9982556767945736,840,0.028319204949903483,0.7277642621393874,0.6440428897159207
0.872660849199187,0.34360041199092783,0.08334979650885198,0.015516497306094902,4,30,1.463396094757464,730,0.09636390029544421,0.867283948991987,0.6479495898516727
0.8726600600196817,0.3300406513739397,0.22819712304952813,0.014907373585196792,4,17,0.9270831658395038,750,0.19028075973222539,0.9518505443607705,0.6261044516666568
0.8726596185020222,0.34366796915955083,0.46794979157264793,0.01770090747720122,15,17,0.7711150589609052,677,0.04391492968410693,0.7063141416422719,0.6421478648821349
0.8726583362438799,0.34523150564557076,0.003839211701882474,0.015325688717659273,14,17,1.1248572741929932,762,0.04794535451979273,0.8518919224396353,0.6384671312233706
0.8726565402350438,0.33000978605304143,0.3349626587148141,0.014441796658472027,4,25,1.8026893727101423,747,0.14715882108755576,0.9545709217113061,0.6490007976492814
0.8726565384555229,0.3386806392462842,0.21476653815360736,0.014748583559669709,12,17,1.414952463050906,854,0.09808689720787149,0.8820368453545518,0.6372619433242004
0.8726561326292075,0.34727307823471665,0.21791439635158305,0.014911494672366809,12,17,1.2707537501913393,705,0.0937207203158531,0.8736862016239826,0.6368971578700188
0.8726552856185934,0.34651216921139283,0.14912850722935592,0.015487313786446109,114,17,1.1231721970340593,704,0.016281292550636428,0.7030910150518457,0.6655429167492137
0.872654691574348,0.3392245569585128,0.5085015227355848,0.01834574511504704,118,15,0.3854060801506852,766,0.058117235479719906,0.7680237156269408,0.6543249017417069
0.8726543722067344,0.34402863287636626,0.09726514604925396,0.01803031740396241,6,13,0.9487235119729895,746,0.14460357648122482,0.8526770398905397,0.6524846818973193
0.8726542099675602,0.3329450697828189,0.14984166030703536,0.016345026941652102,9,16,1.148989470906697,757,0.12332613631462623,0.9396805687645555,0.6455934343815933
0.872654194068826,0.33745827495228814,0.35496956067731644,0.01577075382151843,4,48,1.6115849769929664,716,0.0980663692267884,0.9030609303946753,0.6433978751722573
0.8726541773554761,0.33332022165008235,0.3470861520784544,0.015694919254935456,9,13,1.662102107295286,753,0.10308314815466747,0.9079998955020474,0.6418909923129148
0.8726539591135207,0.3417250532963215,1.165863493162296,0.015992197166652632,7,13,1.1462717337759825,760,0.12917551271016592,0.9105053150754966,0.644062459948119
0.8726527925640083,0.33688822376881383,0.3188167469103413,0.0156791686652034,97,21,0.011442402504435456,695,0.11305317229391365,0.6971045442128865,0.6293337725454673
0.8726527875676474,0.3336374359956785,0.18323469741508888,0.01599018297510673,6,16,1.4966062148309296,754,0.14480549845977597,0.872988026241732,0.6297717632256605
0.8726525539323404,0.33691019991607685,0.11142834280538397,0.017714384045605193,11,17,0.8561431140655397,645,0.10498819184494985,0.6565373283666456,0.6404368518030877
0.8726515241657575,0.34652265515162395,0.0049257228062243585,0.01748810703390454,14,17,1.0393547502162832,767,0.7382764727146205,0.8976636556419442,0.6491043320100786
0.8726497506022364,0.35508750871632916,0.3011824040641983,0.015960786032167756,12,16,1.1530865052113493,696,0.10618688804909163,0.8153870735398482,0.635237060451708
0.8726484587473534,0.3372455959187901,0.4483068046311391,0.015495578061883893,17,16,0.017640040590506972,789,0.08051164847566575,0.7346124445951295,0.6522427260934235
0.8726470166456302,0.34430822671329225,0.28817076908648864,0.0169443415062617,4,167,0.4533450129105745,775,0.04585101501076498,0.9067366358280983,0.640351988880394
0.8726437355083153,0.3417555636057903,0.442176466425241,0.014755568571407926,15,18,1.8467705818786526,748,0.01888500143470923,0.8034152331535654,0.6227748918626579
0.8726431053962675,0.3386425848633084,0.1609421292957178,0.018614554482638546,4,25,1.4432293054441194,716,0.10825570582202479,0.9434288680651314,0.6695596635838921
0.8726421173150773,0.3388377365191433,0.09572570896642461,0.016845371952989963,4,24,0.6222896790134268,751,0.060577634063455905,0.8910281888881628,0.62945864915742
0.872641995195605,0.3390814216895729,0.40697325955739777,0.016433326082603974,25,16,0.2942381668960878,790,0.10757231777259775,0.7360110862688212,0.6358795029002767
0.8726418176347241,0.3479592820693504,0.4426101253530051,0.016994167839139592,10,12,1.0795716516667528,793,0.019146607970375835,0.7103835076573675,0.6426992093729353
0.872641809993762,0.33556186683076733,0.41133971846765294,0.015261103796420107,4,26,0.6630117719582452,844,0.13946469425875613,0.8513777795485307,0.6491986107870877
0.8726397388408522,0.34121139084454993,0.30793083976042956,0.016091317621442246,16,13,1.3926637522470127,751,0.09863799257532287,0.9351066657927768,0.6458090460998096
0.8726379498335148,0.338475901221433,0.6619228792213714,0.015430977869368413,27,14,0.7355794614962802,842,0.10478046222943233,0.7306521808362394,0.6300667127268984
0.8726362385239355,0.3390566411273436,0.30015616562422154,0.012417878595901795,11,22,0.9294336123982837,835,0.0021416133124715414,0.18636716743271642,0.6563363097659357
0.8726360637586813,0.34252584603752323,0.7328298770403644,0.01669724996402964,16,16,0.5580066060439758,710,0.07902770839277305,0.7130335413417387,0.6337690654747201
0.8726358462252559,0.33839628647973546,0.5690622804573333,0.017284162501472976,19,12,0.3829535554751608,840,0.08299332076847281,0.6125502112523672,0.6429886430313817
0.8726357537804244,0.34859321250628744,0.2258572686013375,0.015052185677860194,53,25,0.9254697057731147,609,0.018675795429671627,0.76948924713412,0.6217447675577034
0.872635719759937,0.3517269016377051,0.29413734350622045,0.015335588187537878,25,21,0.7068906815295515,666,0.019503645662138296,0.6832003795993175,0.6378144330367056
0.8726345389278458,0.34009383394259296,0.38018259074386795,0.01634257018433313,16,16,0.28734849605698676,799,0.11648773129996058,0.7407379809447983,0.636187064311561
0.8726342939807397,0.3323623879387601,0.09163094555488496,0.01673603193508956,8,18,1.5323587248800745,688,0.10159848461567139,0.8918678954148416,0.6653550584946696
0.8726337591314355,0.3369289228316902,0.005676889428531877,0.018059573680291062,27,17,0.9714426320528997,839,0.017125016502311984,0.6970552641862763,0.6396388528060069
0.8726336820602489,0.34701596622968384,0.2615542707988717,0.01399816592115205,23,17,1.714269566411114,752,0.016328311408711573,0.9069447233723712,0.648345533431032
0.8726335483961772,0.34392621989908023,0.24229752686076753,0.016971307180812342,7,16,1.1654758467442092,736,0.050000060858476414,0.8390693065657951,0.6313575678899029
0.8726324265731925,0.3364963427470764,0.17224339605477365,0.016649303213229192,4,23,1.3077688987116647,754,0.12006715323130579,0.9081079620812066,0.6372171722895438
0.8726324016814511,0.3383109216061411,0.47647490030680784,0.016963697705853594,19,12,1.0865376056110523,714,0.028201950299034953,0.738651822467858,0.6438071057000531
0.872631660799855,0.3433984184207437,0.003126135425316078,0.01701430127275355,65,16,0.30954600684713035,769,0.05179734464061593,0.7532759012995309,0.6447807344970624
0.8726274062606463,0.33748598894251003,0.3134736669613055,0.016813158870736845,14,16,1.5012648275714775,746,0.11884221731152267,0.9436503716222386,0.6359319995520019
0.8726263410570683,0.3423458063125715,0.2331936978571347,0.012698431624018094,9,25,0.8754473915120948,868,0.12874025855347102,0.8606391651251492,0.6493208633888872
0.8726259269856891,0.33567050197854753,0.5165365045744159,0.017521474022529213,6,16,0.5310700441852906,577,0.10749279290168538,0.9063298425237513,0.6341026743026583
0.8726258195386987,0.33840845885100956,0.4915336455566487,0.017021831704258857,119,13,1.1237231791449167,715,0.02742856038701607,0.6308841340815047,0.6437323180644411
0.8726256458413042,0.3485348586554503,0.6185173144600993,0.01898499339682437,4,21,0.15354417463436854,772,0.20180319543865421,0.8547661018120727,0.6531451866226874
0.8726245441301085,0.35051864138920813,0.1677046851844352,0.014979484674112122,118,16,4.068513758187942,679,0.029994401411356585,0.7224121931607856,0.6176586425162809
0.8726236110050201,0.33773428682395923,0.3052712263273192,0.016127095950878138,4,16,0.19552290308237652,863,0.07918818019964782,0.8092593200864878,0.6496456649240359
0.8726234564762428,0.34718002066956066,0.2995016504136388,0.014972161571151207,15,19,1.4624757302717266,721,0.17315941017021472,0.8871872617239529,0.6413206742817744
0.872623374470763,0.35341248699101746,0.09368371505760652,0.01793557926979574,10,16,0.8299314978346046,813,0.08500678793264188,0.7694601468744298,0.6418935482814998
0.872622434820274,0.3444236826410944,0.5731319011681629,0.010889380334523451,106,22,0.8261590485536243,796,0.028305112561297363,0.7869206400336836,0.6453791628926416
0.8726209460581617,0.3397017674700139,0.5028776644399194,0.0164472561577381,95,17,1.1714728164251933,693,0.05492363836513885,0.6705346632250675,0.6437640490253823
0.8726205256566099,0.3329132330472502,0.36388114672090777,0.014072750259182549,23,19,0.820311669206274,686,0.10748561807656909,0.7470672499050889,0.6649766692232187
0.8726185331941732,0.3364661327219412,0.12245199322585712,0.017526795367880484,17,17,0.43458137790879314,785,0.07571914112873648,0.7513667169594166,0.638862933359937
0.8726183224478643,0.3354392272730936,0.07570134299579534,0.016662610606937744,18,21,0.1801075083023695,717,0.08134886239792585,0.8835459391714054,0.6276302937561021
0.8726182707354928,0.3449557360443568,0.09078275309522908,0.01664235852466398,4,23,0.9698990104428351,713,0.05420313698281386,0.9160068040667053,0.6538031878243707
0.8726174323290881,0.3486249573856535,0.5086388330173481,0.016880783310909808,9,12,2.063161014024146,760,0.05404535003770232,0.7969729373951211,0.6500101287552846
0.8726168857850801,0.34679628345619123,0.3954563742829392,0.015928472657129825,8,17,0.5342627442671324,844,0.08747633576492649,0.8505561002737879,0.6427837105627439
0.8726165160063072,0.3351291167429206,0.09503373249676018,0.01574684183786866,4,57,1.3786508881712076,786,0.1363284471294975,0.7722920803164278,0.6382765287534561
0.8726164630072732,0.3350802829738991,0.14044839031451065,0.015832994339406447,4,16,1.6042516368463096,736,0.126290296894853,0.8868104035546095,0.6412124604478108
0.8726157693544374,0.34534375078461343,0.08526136382728683,0.01474144317237837,4,136,0.5882965902394918,841,0.11216928700644893,0.8974923303889342,0.6482891251547926
0.8726151906201114,0.33855423191783235,0.1726874936740073,0.017104517708460765,17,14,0.1770506664538427,836,0.054111156315442846,0.7437488074216171,0.6447349540139526
0.8726146791545052,0.3366066226774581,0.5909851384081976,0.01507352838749866,101,21,0.25515372886577614,701,0.12073370241007182,0.7142869855441644,0.6345545514026969
0.8726136729607703,0.3328027414000906,0.1826946457923656,0.015591114342257097,13,16,0.17009628679555863,851,0.055485584764858466,0.8999958437006719,0.6364962458834664
0.872613549638252,0.3561120390023307,0.29082526517551716,0.01622748571515451,12,15,1.1795373832288711,690,0.08204804117713009,0.8147728519804484,0.6328618657139934
0.8726132756841475,0.3456746731631507,0.24931625032180008,0.01652427912311096,106,17,0.9247819036432806,716,0.08740784669734508,0.7159196384212516,0.6489285916335417
0.8726131375147318,0.33002170218611276,0.289823306897127,0.015198220966589763,8,21,0.8479923677814647,737,0.11014131259816648,0.9995517490701634,0.6317189931878542
0.8726130640292922,0.3391996852703414,0.1464528122982965,0.016065969661645103,101,17,0.8048540664432557,695,0.03684836067435028,0.6561133773538624,0.6658812028654285
0.8726127885570145,0.35245766270879775,0.3057774257493455,0.017787222696050126,12,16,1.5294307194841275,691,0.10503527113438356,0.8162188727196894,0.6325088818352957
0.8726123057979216,0.33407674048639485,0.09108720926792058,0.01744702595655216,10,17,1.8265935240823046,739,0.10320031117422004,0.8149399563137169,0.6276908862762081
0.8726111809423663,0.3514927735805759,0.09779931690361951,0.01637176916381765,9,20,0.29753566886809646,781,0.017388400107729914,0.9387947318413485,0.6394897452315408
0.87261035131606,0.3493263629325566,0.08697177222132275,0.014734100704095417,7,13,2.2766200497337765,767,0.050672328335370984,0.8032863484863914,0.6131032434862917
0.872610147654498,0.3452873928943234,0.577917202778,0.015557144719677023,86,16,0.9111419392031163,711,0.024389359412275,0.7194750169276106,0.6372363977090403
0.8726100443588631,0.34171870473798366,0.6122978816254451,0.016635531341850866,18,16,0.6115911142802806,710,0.0749062267327946,0.727454300581802,0.6352028653881273
0.8726097797432827,0.34573786431505094,0.43625078348619784,0.018673699032829793,4,20,1.58180707004033,785,0.7592129723353094,0.8186424213964023,0.6354744510350584
0.8726094981863406,0.33370791938375693,0.22812812371213326,0.01809845255037832,25,16,0.29638580712334384,794,0.07811409666077268,0.7786637061160108,0.6376293709940549
0.8726091438267043,0.3440734251859361,0.10631607214028588,0.01858977938629603,11,14,0.014293167876463491,759,0.08724740396779777,0.85487289598476,0.666323958597068
0.8726089925919375,0.3387302482283686,0.17865186492381924,0.015174515286962923,7,18,0.9488822478423804,568,0.04501196961801609,0.9462488733757698,0.6249645625459964
0.8726075847155069,0.34651795566053994,0.4887471163546546,0.015801315239145623,11,16,1.709825807940802,753,0.1607701113457827,0.913704016752772,0.6494139044253495
0.8726052895330557,0.3436845354221539,0.23361434245712967,0.016499050984678795,15,16,1.553265636536839,739,0.031820659741657945,0.8360702292629472,0.6322366207105025
0.8726051965484007,0.3337018118494221,0.314728397207794,0.016244705685847103,18,17,0.017348513406479145,746,0.06791223754707847,0.6703374935240438,0.6513938437789548
0.8726040632148896,0.35370108229359515,0.6841409953037223,0.017529808525606743,30,18,0.5329893640248312,777,0.11628012043403044,0.7380140475631455,0.6339343779981248
0.8726037376406864,0.3419994284678821,0.2136758187358141,0.014701742598379927,11,17,2.0598890302422697,759,0.041834530753615616,0.8334057631499489,0.6335486867206715
0.872603286645265,0.33495247082647184,0.6229385684526462,0.014966426992896761,105,21,1.2125413332097863,707,0.000840091457969391,0.7857522910930644,0.6323798795161208
0.872602860142473,0.348340781403353,0.0030138726838352947,0.01606100759478626,9,14,1.517668101978165,761,0.07316956629419885,0.06912169908348886,0.6399761008161374
0.8726024262335448,0.33531749352774387,0.40274094515231434,0.015159648480477534,4,27,0.6167354270530018,840,0.14930755447771327,0.8483530581552324,0.6571373804626937
0.8726022885776151,0.33810189540367824,0.272676681786747,0.015763440567769803,6,17,1.7326857071514892,730,0.07574639795512375,0.8089944572824029,0.6529732023958288
0.8726020730064146,0.33510313958214233,0.23565072059996117,0.015301069226522383,6,17,0.48837448141675366,694,0.1281221524190594,0.8471842732543918,0.6394986479320974
0.8726017769880577,0.3328001700432915,0.3299729598573732,0.015939853506167796,4,12,1.5918395453404046,713,0.0988443885568364,0.9041704574167523,0.6423281452521138
0.8726011085113333,0.3412234831100383,0.7171178890390926,0.01673503630369465,19,16,0.16369243260979796,725,0.0790753922549604,0.7158789162023801,0.6313638401094803
0.8726006726952497,0.3331415867773452,0.18807713029145146,0.016872602902935144,16,19,0.010856838953719576,783,0.07015071524723317,0.7459183680462268,0.6441801584270644
0.8726003782225085,0.34414056105030427,0.09704151796268984,0.01648834739700584,4,23,0.9798425749959432,715,0.1528259882150688,0.9187847044375971,0.6529108832132614
0.8725996359931031,0.34045127380861084,0.32934892454032866,0.015508785115319043,13,16,1.9190650734262933,736,0.023948767608805883,0.8819814560214693,0.6399038801320668
0.8725993572010303,0.33541618538683204,0.16791542769555234,0.013903040827732513,16,21,1.5390523452428764,727,0.02937886439907198,0.375375330442384,0.6294194590640139
0.87259883410463,0.33902302910344567,0.5334471533840913,0.016512580136428298,127,18,0.6947535367558642,705,0.07082770304987189,0.6300991073654653,0.6425790612906743
0.8725982010555073,0.34250299396809997,0.005320202376947747,0.015351772361111604,15,25,0.8157971245943283,753,0.05644853090590598,0.9037413462411673,0.6486866242479421
0.8725973033924619,0.3383864404373944,0.718816820325884,0.017776493293881396,15,22,0.9976521166716963,681,0.11447336151872692,0.6210387624370496,0.6345998427299244
0.8725971686973659,0.3430355232475762,0.24525515280189075,0.017751349903348635,22,18,0.9107113528779862,589,0.06615244393421653,0.6811163462101895,0.6424973908582213
0.8725957423171984,0.3321366088263395,0.08797232657872264,0.01949248186880218,12,12,0.20531293907086492,789,0.09049020068701576,0.8017799581583934,0.6518874382520363
0.8725949155892898,0.3565846896419752,0.24021476523640142,0.01770751263617408,14,20,1.8532477041333784,717,0.11677897048037682,0.7783029389737873,0.6346059221995963
0.8725940863291282,0.3414106523816701,0.16182892919694844,0.013332474542052723,80,20,0.8868822581264968,743,0.020459599368017237,0.833160715933307,0.6493805093897329
0.8725938401638735,0.3413189031274288,1.288240580958009,0.016673913547561058,14,13,0.9426299218666845,832,0.39754041457778555,0.7354077746143233,0.6468900505441831
0.8725937494556497,0.330077715865041,0.09683142687413734,0.01630279438083234,9,16,1.1294365113016847,729,0.49477987537791224,0.9308439456063224,0.648914095338678
0.8725936578873179,0.3422534084850275,0.2913777100687813,0.015222164386800578,11,13,1.1676952322418916,741,0.05162597768647646,0.9134279403495144,0.619309778360227
0.8725936093184838,0.34774062099664793,0.7002662611311197,0.015061560382057382,47,24,0.8247457896599983,542,0.00042682734638415515,0.7397564257186451,0.6476346859938983
0.8725922452222787,0.3363610798283618,0.33621967224617605,0.01489218800416673,14,18,1.282746281983579,894,0.14273585661315408,0.9491106593385323,0.6489243174659468
0.8725910545087091,0.3334404522263596,0.44792778853490534,0.015124665558596394,12,20,0.5380665006333498,743,0.09982233575819052,0.906658835315285,0.6474691841212394
0.8725908259156233,0.342264300991954,0.23484906253312288,0.015350476190952943,16,17,1.120278124330256,827,0.0012474867275396664,0.7287815212877854,0.6417061997880111
0.8725904477711508,0.33010529954705087,0.005009168771922173,0.014830675264890614,4,19,1.461997106705244,874,0.07472377367329908,0.9321569909992727,0.6459097666224731
0.8725891000584343,0.34620410621993114,0.16208914482842393,0.015639814657487722,102,15,0.9272909926404186,734,0.022030118311670767,0.7226580888255929,0.6431220607920864
0.8725884966064138,0.34743151530759425,0.2495878648027363,0.014019006032393987,21,17,1.4278415221530396,799,0.02336066155529811,0.6925047635302445,0.6515485013444356
0.8725877326308306,0.3480794160768345,0.25360955676688196,0.01584119037949692,21,12,1.5402632507710685,762,0.0194889568200513,0.8909527399877406,0.643693287810513
0.8725861139165552,0.3423376821727504,0.7003516746248188,0.01641710058705326,15,17,0.45170825784168644,727,0.08730398824674321,0.7207558152963938,0.6397158302960131
0.8725860447375485,0.35213307827282153,0.10137408730819686,0.015716642861390174,9,20,0.3343979294778297,775,0.1244470918330649,0.9085257191072725,0.638363520987651
0.8725859033818659,0.3333979377155115,0.11577006336080453,0.01766893950382018,4,26,1.1023809416976988,846,0.119803313793315,0.8681691000787699,0.6448621953905433
0.8725857467726224,0.3365169089190138,0.4909745486230382,0.015340108067347782,21,16,0.014575642883970836,840,0.08286066943382717,0.7334963053048491,0.6398983819075537
0.8725854172518686,0.333167455388436,0.5013163949125705,0.017616128405270562,4,29,0.9628005430130564,813,0.016440005906292604,0.8471433466886866,0.6371801720978327
0.8725845991961307,0.34380253454833004,0.10122756788820726,0.015414867719174271,4,17,2.308801486407323,763,0.09549849300970231,0.5465576692113829,0.6394498928028102
0.8725838142379685,0.3342425332746231,0.11325936191369701,0.015947082183598433,18,17,0.5051377342342597,812,0.0420813331920801,0.7991260679545416,0.6654455945041846
0.8725827759994154,0.354910573900589,0.3161626098677004,0.018115868771235066,13,17,1.1388029869962664,713,0.1143451959234951,0.7814322301490118,0.6416789635481107
0.8725820343481425,0.35078618696799185,0.582307809693326,0.017582970362608308,21,17,0.2457579621450453,781,0.28297159965759267,0.8193799170911651,0.6617553975566487
0.8725816435925001,0.34145243820106214,0.7267323919157858,0.01682767057890136,18,16,0.17990282372219898,730,0.07619074945111415,0.719919598748389,0.6349433422515739
0.8725804525520158,0.3436591276786422,0.28681884899754106,0.015957189872628504,14,13,0.4390772353400958,810,0.037609328831156745,0.7434698707828822,0.6423823648785505
0.8725804283704619,0.3301296922397956,0.08965105909565849,0.01599107186307973,6,16,1.2790554635769553,730,0.08349976967255442,0.9318129276062018,0.6430189084241823
0.8725799186219405,0.3436610894036943,1.021188172511721,0.015167716572392041,19,17,1.8633091666884574,752,0.15663990217184806,0.9395209301713819,0.611347930040766
0.872579196712997,0.3300814587822335,0.3787748777259804,0.017197001676654874,4,19,1.672796679312089,759,0.19444263224992667,0.9434713083824544,0.6560934009205721
0.8725784240996841,0.33001834733860524,0.646888625307737,0.01542196967193296,23,21,1.4486240347572492,634,0.0005716401701886947,0.6767104431663036,0.6339754887893423
0.8725778654970379,0.34137777316797774,0.29738531839471966,0.018665898764385347,17,16,0.8641645256347332,792,0.08408932498516061,0.7373730379502711,0.6363289002841256
0.8725777262884019,0.34071254934240097,0.15959523819872928,0.013704901959716022,10,22,0.892249699819592,746,0.026209543906641458,0.8235624853982849,0.64881673716137
0.8725773195272026,0.3376835333646023,1.7720325405917499,0.01586714761280982,18,16,1.2061940206897794,684,0.033590588738973255,0.7346927065133939,0.627563502590463
0.8725770860634567,0.3365286682871632,0.6452104008028635,0.018872549345430922,90,20,0.644634709816401,515,0.018560512879637756,0.7821854131825565,0.6623229187815503
0.8725770632389208,0.3395351213930086,0.34426544040226714,0.015021350166441615,17,17,1.0561519391832925,654,0.05209167853161342,0.6232957266053799,0.6387994544157444
0.8725754872031223,0.3433862255626687,0.3021451257872502,0.017154337913182615,4,37,0.40965014670797306,743,0.40131264810376666,0.9261872124509594,0.6650641974911592
0.8725748318442392,0.3334846632692541,0.1933032147143867,0.015399061750234824,11,24,0.33227441896792514,539,0.020865562629785478,0.9387852989979263,0.6278642198215549
0.8725748283649466,0.34732166226484534,0.1532848557093594,0.015458821530073006,6,20,0.8678492384638793,701,0.16263611754584104,0.9391294607687068,0.6537506522582527
0.8725746371837886,0.3418906531729551,0.29324511602876757,0.013503354725352537,9,21,0.875497346145022,818,0.020380107740326975,0.6983635079151256,0.6579247216660337
0.8725737880335874,0.34755228455187664,0.09959663333418103,0.015583907995142575,10,16,1.1887312670125942,769,0.18014760865443774,0.8257032066501294,0.6350878260575772
0.8725736706625732,0.3439581758383138,0.48291465464160777,0.017257994507475463,4,22,0.02038595444342417,772,0.1555895973015223,0.8645180176785966,0.6450211039107294
0.8725735825110981,0.33892635996322334,0.21421926292730292,0.016269980326516394,15,13,1.4758163135992088,750,0.06232104177036629,0.8403490857531809,0.6423890715739415
0.8725729271297455,0.33403040076303975,0.22949337153568036,0.015926068903951734,6,17,1.416702792552844,752,0.1308158578059425,0.8987286793580626,0.6297989878750281
0.8725727184784529,0.3436693733194595,0.3931186947993046,0.014293336345946251,6,18,1.1185995527081156,727,0.12094102765139983,0.9383853863067605,0.6536252679673182
0.8725725946317663,0.3390953429295497,0.36007920394327114,0.014919093941450464,16,17,1.1039953539190217,827,0.03656450601905058,0.5107706006485632,0.6439672458415121
0.8725724836194722,0.3468770375509845,0.3254003364306795,0.017456464714910396,15,16,1.410519798520042,755,0.06129183677862947,0.7776352465432552,0.6387552850415545
0.8725716125637796,0.34047024940436893,0.3279922943613264,0.013871912285212284,100,20,0.4176213383648734,673,0.10575795875870679,0.7444897272767993,0.6666968794305119
0.8725715770346959,0.3362352938329476,0.005875491371786872,0.018335369862246292,17,16,0.3707673932865631,812,0.08485629965119547,0.7590898129433861,0.6401358969941606
0.8725710572534864,0.3352856018816271,0.4522628527979942,0.014251421512368617,7,18,1.2997483197336468,877,0.14027828772660136,0.9534922215779903,0.6535528669163648
0.8725701300124931,0.33660523806470516,0.23334315469215047,0.015226324096772544,8,20,0.8899885471022014,724,0.12870054118648008,0.9030963845571678,0.6376942965762057
0.8725688977128021,0.3426351838215418,0.2467662917694486,0.015854777497813954,14,14,1.3102526219531676,727,0.037350138847051295,0.8238588375450673,0.6413292179610374
0.8725687276827452,0.34345668962567427,0.5243429024682406,0.01516683395528194,16,21,1.4275002206128944,756,0.0017287861252086069,0.840356527538471,0.6317951379232689
0.8725673208356817,0.3488061925472632,0.2042294038385895,0.01644925268770196,20,20,1.4323526586144837,558,0.053972859333823474,0.7857555663755702,0.622121287320447
0.8725665416500032,0.3383475813616893,0.03899478133805884,0.012581781209701067,14,21,0.8934961732980761,862,0.02631471114675977,0.6611011404030522,0.659741540184395
0.8725664066736684,0.3395998833077111,0.21219440230376974,0.01627759120990851,9,15,0.8422891672838296,791,0.016023993141252857,0.8991871147076338,0.6389608797476741
0.8725662736125932,0.33502041056477655,0.364690375789721,0.017272178646653404,108,14,1.223642907866376,666,0.03378021464028939,0.6655776177924896,0.6503076799592484
0.8725661467372955,0.3543590759857435,0.17979015798267192,0.015330123107211302,4,22,0.8637378644299625,840,0.09148820037683505,0.8977444212465802,0.6530699583422749
0.8725661291732306,0.33320392328527026,0.38780658964300496,0.015500816755344999,4,24,0.6079421074030625,772,0.09990623324480773,0.8986654388228615,0.6487707373994398
0.872565210536447,0.34503266190114384,0.42333321806754115,0.01742423813989324,123,19,0.6930879838332509,782,0.0002569347293575875,0.6929994767673407,0.6282266489647462
0.8725622290496483,0.3353598397000564,0.2711378732134487,0.015496136844397062,14,17,0.6814376736669052,740,0.10583178216002341,0.8926066642477497,0.6510139919265733
0.8725622127486711,0.3332517477905039,0.09004723167373548,0.015999683802250832,11,21,1.0587887057447904,763,0.16101418938163536,0.9118523221082889,0.6425592576289785
0.8725620511075203,0.33332558351316915,0.003753049209869779,0.015042435072342038,13,20,0.8021696208711177,807,0.09108060916948493,0.8385154638208162,0.6269431073337718
0.8725617927836196,0.3333122271405104,0.08447208824256486,0.013444794589498349,6,21,0.9338173113350361,837,0.1379120319456713,0.8937721290279366,0.6485764245008747
0.8725617820834728,0.34777131596487976,0.2810561456217032,0.015683635282862297,4,23,1.0560605445981033,767,0.3114907494633099,0.9099186826079808,0.6455575120429203
0.8725617391850886,0.3406253192838896,0.17277523875390083,0.017032457088900336,18,13,1.2955835296085438,836,0.059847299603400586,0.7429462121627727,0.6438849080630126
0.8725617001385875,0.3405590084264394,0.1898262441651507,0.016961458973841992,29,16,0.6461906290101824,844,0.9021703373478197,0.16366998993524984,0.664233442003535
0.8725614032115001,0.3404919073104352,0.0835742480568018,0.016437138391483624,17,13,0.011584018562397436,805,0.06491743293305526,0.7020521853655287,0.6434918123872108
0.8725612939783585,0.3371492447412669,0.10743108823436953,0.017635965038338808,18,16,0.43713674542641306,815,0.0791837560953152,0.7642036285795015,0.6372822128609776
0.8725612124001701,0.35028192732104074,0.4029906465941124,0.014301090691114694,18,22,0.7344420262325055,740,0.1356424257847856,0.9378895530663985,0.6225707877429367
